<?xml version="1.0" encoding="UTF-8"?>
<botiga-online>
    <producte category="electronics">
        <codi-producte>101</codi-producte>
        <nom-producte>Portàtil Gaming X15</nom-producte>
        <descripcio-producte>Portàtil d'alt rendiment amb processador Intel i7 i targeta gràfica RTX 3060.</descripcio-producte>
        <preu-producte>1499.99 EUR</preu-producte>
        <categoria-producte>Ordinadors</categoria-producte>
        <dispo-producte>En estoc</dispo-producte>
        <imatge-producte>https://www.example.com/imatges/portatil-gaming-x15.jpg</imatge-producte>
    </producte>

    <producte category="home-appliances">
        <codi-producte>202</codi-producte>
        <nom-producte>Robot de cuina SmartChef</nom-producte>
        <descripcio-producte>Robot de cuina multifunció amb pantalla tàctil i receptes preprogramades.</descripcio-producte>
        <preu-producte>299.99 EUR</preu-producte>
        <categoria-producte>Electrodomèstics</categoria-producte>
        <dispo-producte>Esgotat</dispo-producte>
        <imatge-producte>https://www.example.com/imatges/robot-cuina-smartchef.jpg</imatge-producte>
    </producte>
</botiga-online>